{
    "//": "BR Item Shop Config",
    "daily1": {
        "itemGrants": ["AthenaCharacter:CID_052_Athena_Commando_F_PSBlue"],
        "price": 1200
    },
    "daily2": {
      "itemGrants": ["AthenaCharacter:CID_044_Athena_Commando_F_SciPop"],
        "price": 1200
    },
    "daily3": {
        "itemGrants": ["AthenaGlider:Glider_ID_004_Disco"],
        "price": 500
    },
    "daily4": {
        "itemGrants": ["AthenaGlider:Glider_ID_014_Dragon"],
        "price": 500
    },
    "daily5": {
        "itemGrants": ["AthenaLoadingScreen:LSID_003_Pickaxes"],
        "price": 250
    },
    "daily6": {
      "itemGrants": [ "AthenaCharacter:CID_035_Athena_Commando_M_Medieval" ],
        "price": 250
    },
    "featured1": {
        "itemGrants": ["AthenaCharacter:CID_043_Athena_Commando_F_Stealth"],
        "price": 1500
    },
    "featured2": {
        "itemGrants": ["AthenaCharacter:CID_039_Athena_Commando_F_Disco"],
        "price": 1500
    }
}