{
    "//": "BR Item Shop Config",
    "daily1": {
      "itemGrants": [ "AthenaCharacter:CID_052_Athena_Commando_F_PSBlue" ],
        "price": 1200
    },
    "daily2": {
      "itemGrants": [ "AthenaCharacter:CID_044_Athena_Commando_F_SciPop" ],
        "price": 1200
    },
    "daily3": {
      "itemGrants": [ "AthenaGlider:Glider_ID_004_Disco" ],
        "price": 500
    },
    "daily4": {
      "itemGrants": [ "AthenaLoadingScreen:LSID_003_Pickaxes" ],
        "price": 250
    },
    "daily5": {
      "itemGrants": [ "AthenaLoadingScreen:LSID_006_Minigun" ],
        "price": 250
    },
    "daily6": {
      "itemGrants": [ "AthenaDance:Emoji_100APlus" ],
        "price": -1000
    },
    "featured1": {
      "itemGrants": [ "AthenaCharacter:CID_015_Athena_Commando_F" ],
        "price": -1
    },
    "featured2": {
      "itemGrants": [ "AthenaCharacter:CID_039_Athena_Commando_F_Disco" ],
        "price": 1500
    }
}